{
    "$schema": "http://json-schema.org/draft-07/schema#",
    "$id": "https://boschrexroth.com/app-validation/standard-scenario.v1.schema.json",
    "title": "Root",
    "type": "object",
    "required": [
      "$schema",
      "$id",
      "type",
      "title",
      "description",
      "info",
      "item"
    ],
    "properties": {
        "$schema": {
          "$id": "#root/$schema",
          "title": "$schema",
          "type": "string",
          "default": "http://json-schema.org/draft-07/schema#",
          "examples": [
            "http://json-schema.org/draft-07/schema#"
          ],
          "pattern": "^.*$"
        },
        "$id": {
          "$id": "#root/$id",
          "title": "$id",
          "type": "string",
          "default": "https://boschrexroth.com/app-validation/standard-scenario.v1.schema.json",
          "examples": [
            "https://boschrexroth.com/app-validation/standard-scenario.v1.schema.json"
          ],
          "pattern": "^.*$"
        },
        "type": {
          "$id": "#root/type",
          "title": "Type",
          "type": "string",
          "default": "",
          "examples": [
            "object"
          ],
          "pattern": "^.*$"
        },
        "title": {
          "$id": "#root/title",
          "title": "Title",
          "type": "string",
          "default": "API Calls description",
          "examples": [
            "API Calls description"
          ],
          "pattern": "^.*$"
        },
        "description": {
            "$id": "#root/description",
            "title": "Description",
            "type": "string",
            "default": "Collection of all sequence of REST API calls",
            "examples": [
              "Collection of all sequence of REST API calls"
            ],
            "pattern": "^.*$"
        },
        "info": {
            "$ref": "#/definitions/info"
        },
        "item": {
            "type":"array",
            "items": {
                "$ref": "#/definitions/item"
            }
        }
    },
    "definitions": {
      "info": {
            "$schema": "http://json-schema.org/draft-07/schema#",
            "$id": "#/definitions/info",
            "title": "Information",
            "description": "Detailed description of the info block",
            "type": "object",
            "properties": {
                "name": {
                    "type": "string",
                    "title": "Name of the collection",
                    "description": "A collection's friendly name is defined by this field. You would want to set this field to a value that would allow you to easily identify this collection among a bunch of other collections, as such outlining its usage or content."
                },
                "_postman_id": {
                    "type": "string",
                    "description": "Every collection is identified by the unique value of this field. The value of this field is usually easiest to generate using a UID generator function. If you already have a collection, it is recommended that you maintain the same id since changing the id usually implies that is a different collection than it was originally.\n *Note: This field exists for compatibility reasons with Collection Format V1.*"
                },
                "description": {
                    "$ref": "#/definitions/description"
                },
                "version": {
                    "$ref": "#/definitions/version"
                },
                "schema": {
                    "description": "This should ideally hold a link to the Postman schema that is used to validate this collection. E.g: https://schema.getpostman.com/collection/v1",
                    "type": "string"
                }
            },
            "required": [
                "name",
                "schema"
            ]
        },
        "item": {
          "type": "object",
          "title": "Item",
          "$id": "#/definitions/item",
          "description": "Items are entities which contain an actual HTTP request, and sample responses attached to it.",
          "properties": {
              "id": {
                  "type": "string",
                  "description": "A unique ID that is used to identify collections internally"
              },
              "name": {
                  "type": "string",
                  "description": "A human readable identifier for the current item."
              },
              "description": {
                  "$ref": "#/definitions/description"
              },
              "variable": {
                  "$ref": "#/definitions/variable"
              },
              "event": {
                  "$ref": "#/definitions/event"
              },
              "request": {
                  "$ref": "#/definitions/request"
              },
              "response": {
                  "type": "array",
                  "title": "Responses",
                  "items": {
                      "$ref": "#/definitions/response"
                  }
              },
              "protocolProfileBehavior": {
                  "$ref": "#/definitions/protocol-profile-behavior"
              }
          },
          "required": [
              "name",
              "request",
              "response"
          ]
        },
        "description": {
          "$schema": "http://json-schema.org/draft-07/schema#",
          "$id": "#/definitions/description",
          "description": "A Description can be a raw text, or be an object, which holds the description along with its format.",
          "oneOf": [
              {
                  "type": "object",
                  "title": "Description",
                  "properties": {
                      "content": {
                          "type": "string",
                          "description": "The content of the description goes here, as a raw string."
                      },
                      "type": {
                          "type": "string",
                          "description": "Holds the mime type of the raw description content. E.g: 'text/markdown' or 'text/html'.\nThe type is used to correctly render the description when generating documentation, or in the Postman app."
                      },
                      "version": {
                          "description": "Description can have versions associated with it, which should be put in this property."
                      }
                  }
              },
              {
                  "type": "string"
              },
              {
                  "type": "null"
              }
          ]
        },
        "event": {
          "$schema": "http://json-schema.org/draft-07/schema#",
          "$id": "#/definitions/event",
          "title": "Event",
          "description": "Defines a script associated with an associated event name",
          "type": "array",
          "properties": {
              "id": {
                  "type": "string",
                  "description": "A unique identifier for the enclosing event."
              },
              "listen": {
                  "type": "string",
                  "description": "Can be set to `test` or `prerequest` for test scripts or pre-request scripts respectively."
              },
              "script": {
                  "$ref": "#/definitions/script"
              },
              "disabled": {
                  "type": "boolean",
                  "default": false,
                  "description": "Indicates whether the event is disabled. If absent, the event is assumed to be enabled."
              }
          },
          "required": [
              "listen"
          ]
        },
        "header": {
            "type": "array",
            "title": "Header",
            "$id": "#/definitions/header",
            "description": "Represents a single HTTP Header",
            "properties": {
                "key": {
                    "description": "This holds the LHS of the HTTP Header, e.g ``Content-Type`` or ``X-Custom-Header``",
                    "type": "string"
                },
                "value": {
                    "type": "string",
                    "description": "The value (or the RHS) of the Header is stored in this field."
                },
                "disabled": {
                    "type": "boolean",
                    "default": false,
                    "description": "If set to true, the current header will not be sent with requests."
                },
                "description": {
                    "$ref": "#/definitions/description"
                }
            },
            "required": [
                "key",
                "value"
            ]
        },
        "variable": {
          "$schema": "http://json-schema.org/draft-07/schema#",
          "$id": "#/definitions/variable",
          "title": "Variable",
          "description": "Using variables in your Postman requests eliminates the need to duplicate requests, which can save a lot of time. Variables can be defined, and referenced to from any part of a request.",
          "type": "object",
          "properties": {
              "id": {
                  "description": "A variable ID is a unique user-defined value that identifies the variable within a collection. In traditional terms, this would be a variable name.",
                  "type": "string"
              },
              "key": {
                  "description": "A variable key is a human friendly value that identifies the variable within a collection. In traditional terms, this would be a variable name.",
                  "type": "string"
              },
              "value": {
                  "description": "The value that a variable holds in this collection. Ultimately, the variables will be replaced by this value, when say running a set of requests from a collection"
              },
              "type": {
                  "description": "A variable may have multiple types. This field specifies the type of the variable.",
                  "type": "string",
                  "enum": [
                      "string",
                      "boolean",
                      "any",
                      "number"
                  ]
              },
              "name": {
                  "type": "string",
                  "description": "Variable name"
              },
              "description": {
                  "$ref": "#/definitions/description"
              },
              "system": {
                  "type": "boolean",
                  "default": false,
                  "description": "When set to true, indicates that this variable has been set by Postman"
              },
              "disabled": {
                  "type": "boolean",
                  "default": false
              }
          },
          "anyOf": [
              {
                  "required": [
                      "id"
                  ]
              },
              {
                  "required": [
                      "key"
                  ]
              },
              {
                  "required": [
                      "id",
                      "key"
                  ]
              }
          ],
          "required": [
            "id",
            "key",
            "value"
          ]
        },
        "request": {
          "$schema": "http://json-schema.org/draft-07/schema#",
          "$id": "#/definitions/request",
          "title": "Request",
          "type": "object",
          "description": "A request represents an HTTP request. If a string, the string is assumed to be the request URL and the method is assumed to be 'GET'.",
          "properties": {
                "method": {
                    "type":"string",
                    "description": "The Standard HTTP method associated with this request.",
                    "oneOf": [
                            {
                                "enum": [
                                    "GET",
                                    "PUT",
                                    "POST",
                                    "PATCH",
                                    "DELETE",
                                    "COPY",
                                    "HEAD",
                                    "OPTIONS",
                                    "LINK",
                                    "UNLINK",
                                    "PURGE",
                                    "LOCK",
                                    "UNLOCK",
                                    "PROPFIND",
                                    "VIEW"
                                ]
                            }
                        ]
                      },
                "header": {
                          "oneOf": [
                              {
                                  "$ref": "#/definitions/header"
                              },
                              {
                                  "type": "string"
                              }
                          ]
                      },
                "url": {
                          "$ref": "#/definitions/url"
                      },
                "body": {
                        "oneOf": [
                            {
                                "type": "object",
                                "description": "This field contains the data usually contained in the request body.",
                                "properties": {
                                    "mode": {
                                        "description": "Postman stores the type of data associated with this request in this field.",
                                        "enum": [
                                            "raw",
                                            "urlencoded",
                                            "formdata",
                                            "file",
                                            "graphql"
                                        ]
                                    },
                                    "raw": {
                                        "type": "string"
                                    },
                                    "graphql": {
                                        "type": "object"
                                    },
                                    "urlencoded": {
                                        "type": "array",
                                        "items": {
                                            "type": "object",
                                            "title": "UrlEncodedParameter",
                                            "properties": {
                                                "key": {
                                                    "type": "string"
                                                },
                                                "value": {
                                                    "type": "string"
                                                },
                                                "disabled": {
                                                    "type": "boolean",
                                                    "default": false
                                                },
                                                "description": {
                                                    "$ref": "#/definitions/description"
                                                }
                                            },
                                            "required": [
                                                "key"
                                            ]
                                        }
                                    },
                                    "formdata": {
                                        "type": "array",
                                        "items": {
                                            "type": "object",
                                            "title": "FormParameter",
                                            "anyOf": [
                                                {
                                                    "properties": {
                                                        "key": {
                                                            "type": "string"
                                                        },
                                                        "value": {
                                                            "type": "string"
                                                        },
                                                        "disabled": {
                                                            "type": "boolean",
                                                            "default": false,
                                                            "description": "When set to true, prevents this form data entity from being sent."
                                                        },
                                                        "type": {
                                                            "type": "string",
                                                            "const": "text"
                                                        },
                                                        "contentType": {
                                                            "type": "string",
                                                            "description": "Override Content-Type header of this form data entity."
                                                        },
                                                        "description": {
                                                            "$ref": "#/definitions/description"
                                                        }
                                                    },
                                                    "required": [
                                                        "key"
                                                    ]
                                                },
                                                {
                                                    "properties": {
                                                        "key": {
                                                            "type": "string"
                                                        },
                                                        "src": {
                                                            "type": [
                                                                "array",
                                                                "string",
                                                                "null"
                                                            ]
                                                        },
                                                        "disabled": {
                                                            "type": "boolean",
                                                            "default": false,
                                                            "description": "When set to true, prevents this form data entity from being sent."
                                                        },
                                                        "type": {
                                                            "type": "string",
                                                            "const": "file"
                                                        },
                                                        "contentType": {
                                                            "type": "string",
                                                            "description": "Override Content-Type header of this form data entity."
                                                        },
                                                        "description": {
                                                            "$ref": "#/definitions/description"
                                                        }
                                                    },
                                                    "required": [
                                                        "key"
                                                    ]
                                                }
                                            ]
                                        }
                                    },
                                    "file": {
                                        "type": "object",
                                        "properties": {
                                            "src": {
                                                "oneOf": [
                                                    {
                                                        "type": "string",
                                                        "description": "Contains the name of the file to upload. _Not the path_."
                                                    },
                                                    {
                                                        "type": "null",
                                                        "description": "A null src indicates that no file has been selected as a part of the request body"
                                                    }
                                                ]
                                            },
                                            "content": {
                                                "type": "string"
                                            }
                                        }
                                    },
                                    "options": {
                                        "type": "object",
                                        "description": "Additional configurations and options set for various body modes."
                                    },
                                    "disabled": {
                                        "type": "boolean",
                                        "default": false,
                                        "description": "When set to true, prevents request body from being sent."
                                    }
                                }
                            },
                            {
                                "type": "null"
                            }
                        ]
                    }  
                },
            "required": [
                "url",
                "method",
                "header"
            ]
        },
        "response": {
          "$schema": "http://json-schema.org/draft-07/schema#",
          "$id": "#/definitions/response",
          "title": "Response",
          "description": "A response represents an HTTP response.",
          "properties": {
              "id": {
                  "description": "A unique, user defined identifier that can  be used to refer to this response from requests.",
                  "type": "string"
              },
              "originalRequest": {
                  "$ref": "#/definitions/request"
              },
              "responseTime": {
                  "title": "ResponseTime",
                  "type": [
                      "null",
                      "string",
                      "number"
                  ],
                  "description": "The time taken by the request to complete. If a number, the unit is milliseconds. If the response is manually created, this can be set to `null`."
              },
              "timings": {
                  "title": "Response Timings",
                  "description": "Set of timing information related to request and response in milliseconds",
                  "type": [
                      "object",
                      "null"
                  ]
              },
              "header": {
                  "title": "Headers",
                  "oneOf": [
                      {
                          "type": "array",
                          "title": "Header",
                          "description": "No HTTP request is complete without its headers, and the same is true for a Postman request. This field is an array containing all the headers.",
                          "items": {
                              "oneOf": [
                                  {
                                      "$ref": "#/definitions/header"
                                  },
                                  {
                                      "title": "Header",
                                      "type": "string"
                                  }
                              ]
                          }
                      },
                      {
                          "type": [
                              "string",
                              "null"
                          ]
                      }
                  ]
              },
              "body": {
                  "type": [
                      "null",
                      "string"
                  ],
                  "description": "The raw text of the response."
              },
              "status": {
                  "type": "string",
                  "description": "The response status, e.g: '200 OK'"
              },
              "code": {
                  "type": "integer",
                  "description": "The numerical response code, example: 200, 201, 404, etc."
              }
          }
        },
        "auth-attribute": {
            "type": "object",
            "title": "Auth",
            "$id": "#/definitions/auth-attribute",
            "description": "Represents an attribute for any authorization method provided by Postman. For example `username` and `password` are set as auth attributes for Basic Authentication method.",
            "properties": {
                "key": {
                    "type": "string"
                },
                "value": {},
                "type": {
                    "type": "string"
                }
            },
            "required": [
                "key",
                "value"
            ]
        },
        "auth": {
            "type": "object",
            "title": "Auth",
            "$id": "#/definitions/auth",
            "description": "Represents authentication helpers provided by Postman",
            "properties": {
                "type": {
                    "type": "string",
                    "enum": [
                        "apikey",
                        "awsv4",
                        "basic",
                        "bearer",
                        "digest",
                        "edgegrid",
                        "hawk",
                        "noauth",
                        "oauth1",
                        "oauth2",
                        "ntlm"
                    ]
                },
                "noauth": {},
                "apikey": {
                    "type": "array",
                    "title": "API Key Authentication",
                    "description": "The attributes for API Key Authentication.",
                    "items": {
                        "$ref": "#/definitions/auth-attribute"
                    }
                },
                "awsv4": {
                    "type": "array",
                    "title": "AWS Signature v4",
                    "description": "The attributes for [AWS Auth](http://docs.aws.amazon.com/AmazonS3/latest/dev/RESTAuthentication.html).",
                    "items": {
                        "$ref": "#/definitions/auth-attribute"
                    }
                },
                "basic": {
                    "type": "array",
                    "title": "Basic Authentication",
                    "description": "The attributes for [Basic Authentication](https://en.wikipedia.org/wiki/Basic_access_authentication).",
                    "items": {
                        "$ref": "#/definitions/auth-attribute"
                    }
                },
                "bearer": {
                    "type": "array",
                    "title": "Bearer Token Authentication",
                    "description": "The helper attributes for [Bearer Token Authentication](https://tools.ietf.org/html/rfc6750)",
                    "items": {
                        "$ref": "#/definitions/auth-attribute"
                    }
                },
                "digest": {
                    "type": "array",
                    "title": "Digest Authentication",
                    "description": "The attributes for [Digest Authentication](https://en.wikipedia.org/wiki/Digest_access_authentication).",
                    "items": {
                        "$ref": "#/definitions/auth-attribute"
                    }
                },
                "edgegrid": {
                    "type": "array",
                    "title": "EdgeGrid Authentication",
                    "description": "The attributes for [Akamai EdgeGrid Authentication](https://developer.akamai.com/legacy/introduction/Client_Auth.html).",
                    "items": {
                        "$ref": "#/definitions/auth-attribute"
                    }
                },
                "hawk": {
                    "type": "array",
                    "title": "Hawk Authentication",
                    "description": "The attributes for [Hawk Authentication](https://github.com/hueniverse/hawk)",
                    "items": {
                        "$ref": "#/definitions/auth-attribute"
                    }
                },
                "ntlm": {
                    "type": "array",
                    "title": "NTLM Authentication",
                    "description": "The attributes for [NTLM Authentication](https://msdn.microsoft.com/en-us/library/cc237488.aspx)",
                    "items": {
                        "$ref": "#/definitions/auth-attribute"
                    }
                },
                "oauth1": {
                    "type": "array",
                    "title": "OAuth1",
                    "description": "The attributes for [OAuth2](https://oauth.net/1/)",
                    "items": {
                        "$ref": "#/definitions/auth-attribute"
                    }
                },
                "oauth2": {
                    "type": "array",
                    "title": "OAuth2",
                    "description": "Helper attributes for [OAuth2](https://oauth.net/2/)",
                    "items": {
                        "$ref": "#/definitions/auth-attribute"
                    }
                }
            },
            "required": [
                "type"
            ]
        },
        "protocol-profile-behavior": {
            "$schema": "http://json-schema.org/draft-07/schema#",
            "type": "object",
            "title": "Protocol Profile Behavior",
            "$id": "#/definitions/protocol-profile-behavior",
            "description": "Set of configurations used to alter the usual behavior of sending the request"
        },
        "script": {
            "$schema": "http://json-schema.org/draft-07/schema#",
            "$id": "#/definitions/script",
            "title": "Script",
            "type": "object",
            "description": "A script is a snippet of Javascript code that can be used to to perform setup or teardown operations on a particular response.",
            "properties": {
                "id": {
                    "description": "A unique, user defined identifier that can  be used to refer to this script from requests.",
                    "type": "string"
                },
                "type": {
                    "description": "Type of the script. E.g: 'text/javascript'",
                    "type": "string"
                },
                "exec": {
                    "oneOf": [
                        {
                            "type": "array",
                            "description": "This is an array of strings, where each line represents a single line of code. Having lines separate makes it possible to easily track changes made to scripts.",
                            "items": {
                                "type": "string"
                            }
                        },
                        {
                            "type": "string"
                        }
                    ]
                },
                "src": {
                    "$ref": "#/definitions/url"
                },
                "name": {
                    "type": "string",
                    "description": "Script name"
                }
            }
        },
        "url": {
          "$schema": "http://json-schema.org/draft-07/schema#",
          "description": "If object, contains the complete broken-down URL for this request. If string, contains the literal request URL.",
          "$id": "#/definitions/url",
          "title": "Url",
          "properties": {
            "raw": {
                "type": "string",
                "description": "The string representation of the request URL, including the protocol, host, path, hash, query parameter(s) and path variable(s)."
            },
            "protocol": {
                "type": "string",
                "description": "The protocol associated with the request, E.g: 'http'"
            },
            "host": {
                "title": "Host",
                "description": "The host for the URL, E.g: api.yourdomain.com. Can be stored as a string or as an array of strings.",
                "oneOf": [
                    {
                        "type": "string"
                    },
                    {
                        "type": "array",
                        "items": {
                            "type": "string"
                        },
                        "description": "The host, split into subdomain strings."
                    }
                ]
            },
            "path": {
                "oneOf": [
                    {
                        "type": "string"
                    },
                    {
                        "type": "array",
                        "description": "The complete path of the current url, broken down into segments. A segment could be a string, or a path variable.",
                        "items": {
                            "oneOf": [
                                {
                                    "type": "string"
                                },
                                {
                                    "type": "object",
                                    "properties": {
                                        "type": {
                                            "type": "string"
                                        },
                                        "value": {
                                            "type": "string"
                                        }
                                    }
                                }
                            ]
                        }
                    }
                ]
            },
            "port": {
                "type": "string",
                "description": "The port number present in this URL. An empty value implies 80/443 depending on whether the protocol field contains http/https."
            },
            "query": {
                "type": "array",
                "description": "An array of QueryParams, which is basically the query string part of the URL, parsed into separate variables",
                "items": {
                    "type": "object",
                    "title": "QueryParam",
                    "properties": {
                        "key": {
                            "type": [
                                "string",
                                "null"
                            ]
                        },
                        "value": {
                            "type": [
                                "string",
                                "null"
                            ]
                        },
                        "disabled": {
                            "type": "boolean",
                            "default": false,
                            "description": "If set to true, the current query parameter will not be sent with the request."
                        },
                        "description": {
                            "$ref": "#/definitions/description"
                        }
                    }
                }
            },
            "hash": {
                "description": "Contains the URL fragment (if any). Usually this is not transmitted over the network, but it could be useful to store this in some cases.",
                "type": "string"
            },
            "variable": {
                "type": "array",
                "description": "Postman supports path variables with the syntax `/path/:variableName/to/somewhere`. These variables are stored in this field.",
                "items": {
                    "$ref": "#/definitions/variable"
                }
            }
        },
         "required": [
            "raw",
            "host",
            "path"
         ] 
        },
        "version": {
            "$schema": "http://json-schema.org/draft-07/schema#",
            "$id": "#/definitions/version",
            "title": "Collection Version",
            "description": "Postman allows you to version your collections as they grow, and this field holds the version number. While optional, it is recommended that you use this field to its fullest extent!",
            "oneOf": [
                {
                    "type": "object",
                    "properties": {
                        "major": {
                            "description": "Increment this number if you make changes to the collection that changes its behaviour. E.g: Removing or adding new test scripts. (partly or completely).",
                            "minimum": 0,
                            "type": "integer"
                        },
                        "minor": {
                            "description": "You should increment this number if you make changes that will not break anything that uses the collection. E.g: removing a folder.",
                            "minimum": 0,
                            "type": "integer"
                        },
                        "patch": {
                            "description": "Ideally, minor changes to a collection should result in the increment of this number.",
                            "minimum": 0,
                            "type": "integer"
                        },
                        "identifier": {
                            "description": "A human friendly identifier to make sense of the version numbers. E.g: 'beta-3'",
                            "type": "string",
                            "maxLength": 10
                        },
                        "meta": {}
                    },
                    "required": [
                        "major",
                        "minor",
                        "patch"
                    ]
                },
                {
                    "type": "string"
                }
            ]
        }
    }    
}    