{
    "$schema": "http://json-schema.org/draft-07/schema#",
    "$id": "https://boschrexroth.com/app-validation/standard-scenario.v1.schema.json",
    "type": "",
    "title": "API Calls description",
    "description": "Collection of all sequence of REST API calls",
    "info": {
        "name": "app api description",
        "schema": "https://schema.getpostman.com/json/collection/v2.1.0/collection.json"
    },
    "item": [
        {
            "name": "users",
            "request": {
                "url": {
                    "raw": "{{baseURL}}/users",
                    "host": "{{baseURL}}",
                    "path": [
                        "users"
                    ]
                },
                "method": "GET",
                "header": []
            },
            "response": []
        }
    ],
    "variable": [
        {
            "key": "baseURL",
            "value": "https://xx.xx.xx.xx"
        }
    ]
}